ubuntu@ubuntu-VMware-Virtual-Platform:~$ sudo mysql
[sudo] password for ubuntu: 
Welcome to the MySQL monitor.  Commands end with ; or \g.
Your MySQL connection id is 8

mysql> show databases;
+--------------------+
| Database           |
+--------------------+
| information_schema |
| mysql              |
| performance_schema |
| sys                |
+--------------------+
4 rows in set (0.05 sec)

mysql> create database PrathameshNavale;
Query OK, 1 row affected (0.01 sec)

mysql> show databases;
+--------------------+
| Database           |
+--------------------+
| PrathameshNavale   |
| information_schema |
| mysql              |
| performance_schema |
| sys                |
+--------------------+
5 rows in set (0.00 sec)

mysql> use PrathameshNavale;
Database changed
mysql> 
mysql> create table employee (ID int, Name varchar(30), Salary int, Department varchar(30));
Query OK, 0 rows affected (0.02 sec)

mysql> insert into employee values(01, "Akash", 80000, "Developer"), (02, "Asish", 70000, "Developer"), (03, "Alisha", 90000, "Tester"), (04, "Akanksha", 60000, "Manager");
Query OK, 4 rows affected (0.00 sec)
Records: 4  Duplicates: 0  Warnings: 0

mysql> select * from employee;
+------+----------+--------+------------+
| ID   | Name     | Salary | Department |
+------+----------+--------+------------+
|    1 | Akash    |  80000 | Developer  |
|    2 | Asish    |  70000 | Developer  |
|    3 | Alisha   |  90000 | Tester     |
|    4 | Akanksha |  60000 | Manager    |
+------+----------+--------+------------+
4 rows in set (0.01 sec)

mysql> create index sal on employee(Salary);
Query OK, 0 rows affected (0.03 sec)
Records: 0  Duplicates: 0  Warnings: 0

mysql> show index from employee;
+----------+------------+----------+--------------+-------------+-----------+-------------+----------+--------+------+------------+---------+---------------+---------+------------+
| Table    | Non_unique | Key_name | Seq_in_index | Column_name | Collation | Cardinality | Sub_part | Packed | Null | Index_type | Comment | Index_comment | Visible | Expression |
+----------+------------+----------+--------------+-------------+-----------+-------------+----------+--------+------+------------+---------+---------------+---------+------------+
| employee |          1 | sal      |            1 | Salary      | A         |           4 |     NULL |   NULL | YES  | BTREE      |         |               | YES     | NULL       |
+----------+------------+----------+--------------+-------------+-----------+-------------+----------+--------+------+------------+---------+---------------+---------+------------+
1 row in set (0.01 sec)

mysql> 
mysql> 
mysql> select * from employee where Salary = 70000;
+------+-------+--------+------------+
| ID   | Name  | Salary | Department |
+------+-------+--------+------------+
|    2 | Asish |  70000 | Developer  |
+------+-------+--------+------------+
1 row in set (0.00 sec)

mysql> alter table employee drop index sal;
Query OK, 0 rows affected (0.01 sec)
Records: 0  Duplicates: 0  Warnings: 0

mysql> explain select * from employee where Salary = 70000;
+----+-------------+----------+------------+------+---------------+------+---------+------+------+----------+-------------+
| id | select_type | table    | partitions | type | possible_keys | key  | key_len | ref  | rows | filtered | Extra       |
+----+-------------+----------+------------+------+---------------+------+---------+------+------+----------+-------------+
|  1 | SIMPLE      | employee | NULL       | ALL  | NULL          | NULL | NULL    | NULL |    4 |    25.00 | Using where |
+----+-------------+----------+------------+------+---------------+------+---------+------+------+----------+-------------+
1 row in set, 1 warning (0.02 sec)

mysql> 
mysql> create index nameXsalary on employee(Name, Salary);
Query OK, 0 rows affected (0.03 sec)
Records: 0  Duplicates: 0  Warnings: 0

mysql> explain select * from employee where Name="Alisha" AND Salary=90000;
+----+-------------+----------+------------+------+---------------+-------------+---------+-------------+------+----------+-------+
| id | select_type | table    | partitions | type | possible_keys | key         | key_len | ref         | rows | filtered | Extra |
+----+-------------+----------+------------+------+---------------+-------------+---------+-------------+------+----------+-------+
|  1 | SIMPLE      | employee | NULL       | ref  | nameXsalary   | nameXsalary | 128     | const,const |    1 |   100.00 | NULL  |
+----+-------------+----------+------------+------+---------------+-------------+---------+-------------+------+----------+-------+
1 row in set, 1 warning (0.00 sec)

mysql> 
